{"cameraMode":{"drawMode":0,"name":"Shaded","section":"Shading Mode"},"sceneLighting":false,"audioPlay":false,"sceneViewState":{"showFog":true,"showMaterialUpdate":false,"showSkybox":false,"showFlares":true,"showImageEffects":true,"showParticleSystems":true,"showVisualEffectGraphs":true,"m_FxEnabled":true},"in2DMode":false,"pivot":{"x":36.073883056640628,"y":3.1616907119750978,"z":1.1350064277648926},"rotation":{"x":-0.23139029741287232,"y":0.13433033227920533,"z":-0.03227708488702774,"w":-0.9630025625228882},"size":4.155905246734619,"orthographic":false}