{"cameraMode":{"drawMode":0,"name":"Shaded","section":"Shading Mode"},"sceneLighting":false,"audioPlay":false,"sceneViewState":{"showFog":true,"showMaterialUpdate":false,"showSkybox":false,"showFlares":true,"showImageEffects":true,"showParticleSystems":true,"showVisualEffectGraphs":true,"m_FxEnabled":true},"in2DMode":false,"pivot":{"x":-0.06725120544433594,"y":0.12190553545951843,"z":-0.005919098854064941},"rotation":{"x":-0.18248850107192994,"y":0.485441118478775,"z":-0.10438137501478195,"w":-0.848629355430603},"size":0.6000174283981323,"orthographic":false}