{"cameraMode":{"drawMode":0,"name":"Shaded","section":"Shading Mode"},"sceneLighting":false,"audioPlay":false,"sceneViewState":{"showFog":true,"showMaterialUpdate":false,"showSkybox":false,"showFlares":true,"showImageEffects":true,"showParticleSystems":true,"showVisualEffectGraphs":true,"m_FxEnabled":true},"in2DMode":false,"pivot":{"x":-0.1215960904955864,"y":0.06890762597322464,"z":0.007779359817504883},"rotation":{"x":-0.0072133406065404419,"y":0.9522770047187805,"z":-0.304315984249115,"w":-0.02257234789431095},"size":1.9427053928375245,"orthographic":false}