{"cameraMode":{"drawMode":0,"name":"Shaded","section":"Shading Mode"},"sceneLighting":true,"audioPlay":false,"sceneViewState":{"showFog":true,"showMaterialUpdate":false,"showSkybox":false,"showFlares":true,"showImageEffects":true,"showParticleSystems":true,"showVisualEffectGraphs":true,"m_FxEnabled":true},"in2DMode":false,"pivot":{"x":0.1290193796157837,"y":0.7105569839477539,"z":0.0027199480682611467},"rotation":{"x":-0.1907934844493866,"y":-0.6844423413276672,"z":0.1929708868265152,"w":-0.6766968369483948},"size":1.700010061264038,"orthographic":false}