{"cameraMode":{"drawMode":0,"name":"Shaded","section":"Shading Mode"},"sceneLighting":false,"audioPlay":false,"sceneViewState":{"showFog":true,"showMaterialUpdate":false,"showSkybox":false,"showFlares":true,"showImageEffects":true,"showParticleSystems":true,"showVisualEffectGraphs":true,"m_FxEnabled":true},"in2DMode":false,"pivot":{"x":-0.020566537976264955,"y":1.0008610486984254,"z":-0.018818646669387819},"rotation":{"x":-0.11066644638776779,"y":-0.8885481357574463,"z":0.29426729679107668,"w":-0.3341561555862427},"size":0.2188900113105774,"orthographic":false}