{"cameraMode":{"drawMode":0,"name":"Shaded","section":"Shading Mode"},"sceneLighting":false,"audioPlay":false,"sceneViewState":{"showFog":true,"showMaterialUpdate":false,"showSkybox":false,"showFlares":true,"showImageEffects":true,"showParticleSystems":true,"showVisualEffectGraphs":true,"m_FxEnabled":true},"in2DMode":false,"pivot":{"x":0.5109066367149353,"y":1.6440776586532593,"z":0.1158146858215332},"rotation":{"x":-0.10362209379673004,"y":0.005069878417998552,"z":-0.0005287768435664475,"w":-0.9946061372756958},"size":1.1940221786499024,"orthographic":false}