{"cameraMode":{"drawMode":0,"name":"Shaded","section":"Shading Mode"},"sceneLighting":false,"audioPlay":false,"sceneViewState":{"showFog":true,"showMaterialUpdate":false,"showSkybox":false,"showFlares":true,"showImageEffects":true,"showParticleSystems":true,"showVisualEffectGraphs":true,"m_FxEnabled":true},"in2DMode":false,"pivot":{"x":1.1648750305175782,"y":1.731964111328125,"z":0.09066057205200196},"rotation":{"x":-0.10362209379673004,"y":0.005069878417998552,"z":-0.0005287768435664475,"w":-0.9946061372756958},"size":55.51935958862305,"orthographic":false}