{"cameraMode":{"drawMode":0,"name":"Shaded","section":"Shading Mode"},"sceneLighting":false,"audioPlay":false,"sceneViewState":{"showFog":true,"showMaterialUpdate":false,"showSkybox":false,"showFlares":true,"showImageEffects":true,"showParticleSystems":true,"showVisualEffectGraphs":true,"m_FxEnabled":true},"in2DMode":false,"pivot":{"x":-0.09132614731788635,"y":2.1819639205932619,"z":-0.007107870653271675},"rotation":{"x":-0.10362209379673004,"y":0.005069878417998552,"z":-0.0005287768435664475,"w":-0.9946061372756958},"size":16.77233123779297,"orthographic":false}