{"cameraMode":{"drawMode":0,"name":"Shaded","section":"Shading Mode"},"sceneLighting":false,"audioPlay":false,"sceneViewState":{"showFog":true,"showMaterialUpdate":false,"showSkybox":false,"showFlares":true,"showImageEffects":true,"showParticleSystems":true,"showVisualEffectGraphs":true,"m_FxEnabled":true},"in2DMode":false,"pivot":{"x":0.32056713104248049,"y":-0.8809552192687988,"z":-1.3575453758239747},"rotation":{"x":-0.0023094331845641138,"y":-0.9740066528320313,"z":0.2263210266828537,"w":-0.009944272227585316},"size":4.800017356872559,"orthographic":false}