{"cameraMode":{"drawMode":0,"name":"Shaded","section":"Shading Mode"},"sceneLighting":false,"audioPlay":false,"sceneViewState":{"showFog":true,"showMaterialUpdate":false,"showSkybox":false,"showFlares":true,"showImageEffects":true,"showParticleSystems":true,"showVisualEffectGraphs":true,"m_FxEnabled":true},"in2DMode":false,"pivot":{"x":1.9671390056610108,"y":4.146689414978027,"z":-3.4894206523895265},"rotation":{"x":-0.0034365567844361068,"y":0.9859084486961365,"z":-0.16600169241428376,"w":-0.020410291850566865},"size":1.3291747570037842,"orthographic":false}