{"cameraMode":{"drawMode":0,"name":"Shaded","section":"Shading Mode"},"sceneLighting":false,"audioPlay":false,"sceneViewState":{"showFog":true,"showMaterialUpdate":false,"showSkybox":false,"showFlares":true,"showImageEffects":true,"showParticleSystems":true,"showVisualEffectGraphs":true,"m_FxEnabled":true},"in2DMode":false,"pivot":{"x":-0.13330626487731934,"y":0.7924794554710388,"z":-0.08033326268196106},"rotation":{"x":-0.06344552338123322,"y":0.6394132971763611,"z":-0.05307057499885559,"w":-0.7644026875495911},"size":0.4680670499801636,"orthographic":false}