{"cameraMode":{"drawMode":0,"name":"Shaded","section":"Shading Mode"},"sceneLighting":true,"audioPlay":false,"sceneViewState":{"showFog":true,"showMaterialUpdate":false,"showSkybox":false,"showFlares":true,"showImageEffects":true,"showParticleSystems":true,"showVisualEffectGraphs":true,"m_FxEnabled":true},"in2DMode":false,"pivot":{"x":12.919538497924805,"y":3.6700572967529299,"z":7.885420799255371},"rotation":{"x":0.00943191722035408,"y":-0.8789438009262085,"z":0.4765349328517914,"w":0.017398059368133546},"size":16.492496490478517,"orthographic":false}