{"cameraMode":{"drawMode":0,"name":"Shaded","section":"Shading Mode"},"sceneLighting":true,"audioPlay":false,"sceneViewState":{"showFog":true,"showMaterialUpdate":false,"showSkybox":false,"showFlares":true,"showImageEffects":true,"showParticleSystems":true,"showVisualEffectGraphs":true,"m_FxEnabled":true},"in2DMode":false,"pivot":{"x":10.193120002746582,"y":-0.12317752838134766,"z":-7.097169876098633},"rotation":{"x":0.004092432092875242,"y":-0.9696896076202393,"z":0.24379396438598634,"w":0.016284247860312463},"size":13.470733642578125,"orthographic":false}