{"cameraMode":{"drawMode":0,"name":"Shaded","section":"Shading Mode"},"sceneLighting":true,"audioPlay":false,"sceneViewState":{"showFog":true,"showMaterialUpdate":false,"showSkybox":false,"showFlares":true,"showImageEffects":true,"showParticleSystems":true,"showVisualEffectGraphs":true,"m_FxEnabled":true},"in2DMode":false,"pivot":{"x":18.555004119873048,"y":-5.276485443115234,"z":-2.8408126831054689},"rotation":{"x":-0.0034853327088057997,"y":-0.9399105906486511,"z":0.3412948250770569,"w":-0.009595156647264958},"size":24.257740020751954,"orthographic":false}