{"cameraMode":{"drawMode":0,"name":"Shaded","section":"Shading Mode"},"sceneLighting":false,"audioPlay":false,"sceneViewState":{"showFog":true,"showMaterialUpdate":false,"showSkybox":false,"showFlares":true,"showImageEffects":true,"showParticleSystems":true,"showVisualEffectGraphs":true,"m_FxEnabled":true},"in2DMode":false,"pivot":{"x":201.67970275878907,"y":-1.0700000524520875,"z":110.23421478271485},"rotation":{"x":-0.1875314861536026,"y":0.672028124332428,"z":-0.18187879025936128,"w":-0.6929145455360413},"size":0.000019781558876275085,"orthographic":false}