{"cameraMode":{"drawMode":0,"name":"Shaded","section":"Shading Mode"},"sceneLighting":false,"audioPlay":false,"sceneViewState":{"showFog":true,"showMaterialUpdate":false,"showSkybox":false,"showFlares":true,"showImageEffects":true,"showParticleSystems":true,"showVisualEffectGraphs":true,"m_FxEnabled":true},"in2DMode":false,"pivot":{"x":1.1481285095214844,"y":1.7446284294128419,"z":-2.330171823501587},"rotation":{"x":-0.0034853327088057997,"y":-0.9399105906486511,"z":0.3412948250770569,"w":-0.009595156647264958},"size":1.9291746616363526,"orthographic":false}