{"cameraMode":{"drawMode":0,"name":"Shaded","section":"Shading Mode"},"sceneLighting":false,"audioPlay":false,"sceneViewState":{"showFog":true,"showMaterialUpdate":false,"showSkybox":false,"showFlares":true,"showImageEffects":true,"showParticleSystems":true,"showVisualEffectGraphs":true,"m_FxEnabled":true},"in2DMode":false,"pivot":{"x":5.112515449523926,"y":-2.4392943382263185,"z":66.82711791992188},"rotation":{"x":0.0024728213902562858,"y":-0.9733192324638367,"z":0.2292412519454956,"w":0.010504108853638173},"size":6.221404075622559,"orthographic":false}