{"cameraMode":{"drawMode":0,"name":"Shaded","section":"Shading Mode"},"sceneLighting":false,"audioPlay":false,"sceneViewState":{"showFog":true,"showMaterialUpdate":false,"showSkybox":false,"showFlares":true,"showImageEffects":true,"showParticleSystems":true,"showVisualEffectGraphs":true,"m_FxEnabled":true},"in2DMode":false,"pivot":{"x":-0.05026724934577942,"y":-1.691469430923462,"z":0.8448271751403809},"rotation":{"x":0.0024728213902562858,"y":-0.9733192324638367,"z":0.2292412519454956,"w":0.010504108853638173},"size":4.500017166137695,"orthographic":false}