{"cameraMode":{"drawMode":0,"name":"Shaded","section":"Shading Mode"},"sceneLighting":false,"audioPlay":false,"sceneViewState":{"showFog":true,"showMaterialUpdate":false,"showSkybox":false,"showFlares":true,"showImageEffects":true,"showParticleSystems":true,"showVisualEffectGraphs":true,"m_FxEnabled":true},"in2DMode":false,"pivot":{"x":1.6008503437042237,"y":2.658435583114624,"z":-3.0855112075805666},"rotation":{"x":-0.0034853327088057997,"y":-0.9399105906486511,"z":0.3412948250770569,"w":-0.009595156647264958},"size":1.6291747093200684,"orthographic":false}