{"cameraMode":{"drawMode":0,"name":"Shaded","section":"Shading Mode"},"sceneLighting":false,"audioPlay":false,"sceneViewState":{"showFog":true,"showMaterialUpdate":false,"showSkybox":false,"showFlares":true,"showImageEffects":true,"showParticleSystems":true,"showVisualEffectGraphs":true,"m_FxEnabled":true},"in2DMode":false,"pivot":{"x":-0.0011453032493591309,"y":0.003596067428588867,"z":0.0016933679580688477},"rotation":{"x":-0.22390040755271913,"y":0.5862500667572022,"z":-0.17290958762168885,"w":-0.7591341733932495},"size":1.596893072128296,"orthographic":false}