{"cameraMode":{"drawMode":0,"name":"Shaded","section":"Shading Mode"},"sceneLighting":false,"audioPlay":false,"sceneViewState":{"showFog":true,"showMaterialUpdate":false,"showSkybox":false,"showFlares":true,"showImageEffects":true,"showParticleSystems":true,"showVisualEffectGraphs":true,"m_FxEnabled":true},"in2DMode":false,"pivot":{"x":-0.0011327266693115235,"y":0.21331092715263368,"z":-0.2793968915939331},"rotation":{"x":-0.024049652740359308,"y":0.9594142436981201,"z":-0.26739591360092165,"w":-0.08629008382558823},"size":1.6317049264907838,"orthographic":false}