{"cameraMode":{"drawMode":0,"name":"Shaded","section":"Shading Mode"},"sceneLighting":false,"audioPlay":false,"sceneViewState":{"showFog":true,"showMaterialUpdate":false,"showSkybox":false,"showFlares":true,"showImageEffects":true,"showParticleSystems":true,"showVisualEffectGraphs":true,"m_FxEnabled":true},"in2DMode":false,"pivot":{"x":-0.3870105743408203,"y":13.919822692871094,"z":0.22452354431152345},"rotation":{"x":0.07250756025314331,"y":-0.8819499611854553,"z":0.1444188356399536,"w":0.4427882730960846},"size":20.887344360351564,"orthographic":false}