{"cameraMode":{"drawMode":0,"name":"Shaded","section":"Shading Mode"},"sceneLighting":false,"audioPlay":false,"sceneViewState":{"showFog":true,"showMaterialUpdate":false,"showSkybox":false,"showFlares":true,"showImageEffects":true,"showParticleSystems":true,"showVisualEffectGraphs":true,"m_FxEnabled":true},"in2DMode":false,"pivot":{"x":23.950000762939454,"y":0.050000011920928958,"z":-2.7200000286102297},"rotation":{"x":-0.024049652740359308,"y":0.9594142436981201,"z":-0.26739591360092165,"w":-0.08629008382558823},"size":1.5056990385055543,"orthographic":false}