{"cameraMode":{"drawMode":0,"name":"Shaded","section":"Shading Mode"},"sceneLighting":false,"audioPlay":false,"sceneViewState":{"showFog":true,"showMaterialUpdate":false,"showSkybox":false,"showFlares":true,"showImageEffects":true,"showParticleSystems":true,"showVisualEffectGraphs":true,"m_FxEnabled":true},"in2DMode":false,"pivot":{"x":1.0114789009094239,"y":2.754147529602051,"z":-3.7823357582092287},"rotation":{"x":0.07169485837221146,"y":-0.9275514483451843,"z":0.23912601172924043,"w":0.27809804677963259},"size":2.8280649185180666,"orthographic":false}