{"cameraMode":{"drawMode":0,"name":"Shaded","section":"Shading Mode"},"sceneLighting":false,"audioPlay":false,"sceneViewState":{"showFog":true,"showMaterialUpdate":false,"showSkybox":false,"showFlares":true,"showImageEffects":true,"showParticleSystems":true,"showVisualEffectGraphs":true,"m_FxEnabled":true},"in2DMode":false,"pivot":{"x":2.5596108436584474,"y":3.9243688583374025,"z":80.82540893554688},"rotation":{"x":0.0024728213902562858,"y":-0.9733192324638367,"z":0.2292412519454956,"w":0.010504108853638173},"size":10.271760940551758,"orthographic":false}