{"cameraMode":{"drawMode":0,"name":"Shaded","section":"Shading Mode"},"sceneLighting":true,"audioPlay":false,"sceneViewState":{"showFog":true,"showMaterialUpdate":false,"showSkybox":true,"showFlares":true,"showImageEffects":true,"showParticleSystems":true,"showVisualEffectGraphs":true,"m_FxEnabled":true},"in2DMode":false,"pivot":{"x":14.501999855041504,"y":0.7820000648498535,"z":16.44615936279297},"rotation":{"x":-0.36245962977409365,"y":-0.07899145781993866,"z":0.030848760157823564,"w":-0.9281411170959473},"size":1.7660253047943116,"orthographic":false}