{"cameraMode":{"drawMode":0,"name":"Shaded","section":"Shading Mode"},"sceneLighting":true,"audioPlay":false,"sceneViewState":{"showFog":true,"showMaterialUpdate":false,"showSkybox":true,"showFlares":true,"showImageEffects":true,"showParticleSystems":true,"showVisualEffectGraphs":true,"m_FxEnabled":true},"in2DMode":false,"pivot":{"x":13.468551635742188,"y":6.591770172119141,"z":21.136188507080079},"rotation":{"x":-0.013568452559411526,"y":-0.18579986691474915,"z":0.0025659766979515554,"w":-0.9824955463409424},"size":6.843606948852539,"orthographic":false}