{"cameraMode":{"drawMode":0,"name":"Shaded","section":"Shading Mode"},"sceneLighting":true,"audioPlay":false,"sceneViewState":{"showFog":true,"showMaterialUpdate":false,"showSkybox":true,"showFlares":true,"showImageEffects":true,"showParticleSystems":true,"showVisualEffectGraphs":true,"m_FxEnabled":true},"in2DMode":false,"pivot":{"x":7.576311111450195,"y":0.26940345764160159,"z":18.784311294555665},"rotation":{"x":-0.24877309799194337,"y":0.16665294766426087,"z":-0.043494731187820438,"w":-0.9531333446502686},"size":10.381840705871582,"orthographic":false}