{"cameraMode":{"drawMode":0,"name":"Shaded","section":"Shading Mode"},"sceneLighting":true,"audioPlay":false,"sceneViewState":{"showFog":true,"showMaterialUpdate":false,"showSkybox":true,"showFlares":true,"showImageEffects":true,"showParticleSystems":true,"showVisualEffectGraphs":true,"m_FxEnabled":true},"in2DMode":false,"pivot":{"x":428.36712646484377,"y":-18.664918899536134,"z":509.4678955078125},"rotation":{"x":-0.35515090823173525,"y":0.03279927372932434,"z":-0.01247011125087738,"w":-0.9341500997543335},"size":35.622894287109378,"orthographic":false}