{"cameraMode":{"drawMode":0,"name":"Shaded","section":"Shading Mode"},"sceneLighting":true,"audioPlay":false,"sceneViewState":{"showFog":true,"showMaterialUpdate":false,"showSkybox":true,"showFlares":true,"showImageEffects":true,"showParticleSystems":true,"showVisualEffectGraphs":true,"m_FxEnabled":true},"in2DMode":false,"pivot":{"x":414.19000244140627,"y":6.4435014724731449,"z":492.9599914550781},"rotation":{"x":0.25975751876831057,"y":-0.01707843504846096,"z":0.004603403154760599,"w":0.9655264616012573},"size":5.150580406188965,"orthographic":false}