{"cameraMode":{"drawMode":0,"name":"Shaded","section":"Shading Mode"},"sceneLighting":true,"audioPlay":false,"sceneViewState":{"showFog":true,"showMaterialUpdate":false,"showSkybox":true,"showFlares":true,"showImageEffects":true,"showParticleSystems":true,"showVisualEffectGraphs":true,"m_FxEnabled":true},"in2DMode":false,"pivot":{"x":7.374584197998047,"y":14.475704193115235,"z":20.85394287109375},"rotation":{"x":-0.15862368047237397,"y":-0.012739457190036774,"z":0.002046112669631839,"w":-0.987256646156311},"size":31.673555374145509,"orthographic":false}