{"cameraMode":{"drawMode":0,"name":"Shaded","section":"Shading Mode"},"sceneLighting":true,"audioPlay":false,"sceneViewState":{"showFog":true,"showMaterialUpdate":false,"showSkybox":true,"showFlares":true,"showImageEffects":true,"showParticleSystems":true,"showVisualEffectGraphs":true,"m_FxEnabled":true},"in2DMode":false,"pivot":{"x":12.177999496459961,"y":1.2378969192504883,"z":17.275535583496095},"rotation":{"x":-0.2568667531013489,"y":0.01507332269102335,"z":-0.0040062181651592258,"w":-0.9663277864456177},"size":15.928717613220215,"orthographic":false}