{"cameraMode":{"drawMode":0,"name":"Shaded","section":"Shading Mode"},"sceneLighting":true,"audioPlay":false,"sceneViewState":{"showFog":true,"showMaterialUpdate":false,"showSkybox":true,"showFlares":true,"showImageEffects":true,"showParticleSystems":true,"showVisualEffectGraphs":true,"m_FxEnabled":true},"in2DMode":false,"pivot":{"x":12.560914993286133,"y":3.8991050720214845,"z":23.363956451416017},"rotation":{"x":-0.33866262435913088,"y":-0.2195388376712799,"z":0.08158689737319946,"w":-0.9113001227378845},"size":30.403554916381837,"orthographic":false}