{"cameraMode":{"drawMode":0,"name":"Shaded","section":"Shading Mode"},"sceneLighting":true,"audioPlay":false,"sceneViewState":{"showFog":true,"showMaterialUpdate":false,"showSkybox":true,"showFlares":true,"showImageEffects":true,"showParticleSystems":true,"showVisualEffectGraphs":true,"m_FxEnabled":true},"in2DMode":false,"pivot":{"x":-0.031876564025878909,"y":0.49028730392456057,"z":-1.6732664108276368},"rotation":{"x":-0.24113380908966065,"y":0.26991724967956545,"z":-0.07001844048500061,"w":-0.9295701384544373},"size":6.439718723297119,"orthographic":false}