{"cameraMode":{"drawMode":0,"name":"Shaded","section":"Shading Mode"},"sceneLighting":true,"audioPlay":false,"sceneViewState":{"showFog":true,"showMaterialUpdate":false,"showSkybox":true,"showFlares":true,"showImageEffects":true,"showParticleSystems":true,"showVisualEffectGraphs":true,"m_FxEnabled":true},"in2DMode":false,"pivot":{"x":-0.4813280403614044,"y":2.18196439743042,"z":1.842892050743103},"rotation":{"x":-0.09465368092060089,"y":-0.017324013635516168,"z":0.0016467170789837838,"w":-0.9953604936599731},"size":4.007106304168701,"orthographic":false}