{"cameraMode":{"drawMode":0,"name":"Shaded","section":"Shading Mode"},"sceneLighting":true,"audioPlay":false,"sceneViewState":{"showFog":true,"showMaterialUpdate":false,"showSkybox":true,"showFlares":true,"showImageEffects":true,"showParticleSystems":true,"showVisualEffectGraphs":true,"m_FxEnabled":true},"in2DMode":false,"pivot":{"x":18.920000076293947,"y":2.137300968170166,"z":17.799999237060548},"rotation":{"x":-0.24877309799194337,"y":0.16665294766426087,"z":-0.043494731187820438,"w":-0.9531333446502686},"size":11.072274208068848,"orthographic":false}