{"cameraMode":{"drawMode":0,"name":"Shaded","section":"Shading Mode"},"sceneLighting":false,"audioPlay":false,"sceneViewState":{"showFog":true,"showMaterialUpdate":false,"showSkybox":false,"showFlares":true,"showImageEffects":true,"showParticleSystems":true,"showVisualEffectGraphs":true,"m_FxEnabled":true},"in2DMode":false,"pivot":{"x":-0.13942575454711915,"y":1.0600364208221436,"z":-0.18151915073394776},"rotation":{"x":-0.11066644638776779,"y":-0.8885481357574463,"z":0.29426729679107668,"w":-0.3341561555862427},"size":0.27393728494644167,"orthographic":false}