{"cameraMode":{"drawMode":0,"name":"Shaded","section":"Shading Mode"},"sceneLighting":false,"audioPlay":false,"sceneViewState":{"showFog":true,"showMaterialUpdate":false,"showSkybox":false,"showFlares":true,"showImageEffects":true,"showParticleSystems":true,"showVisualEffectGraphs":true,"m_FxEnabled":true},"in2DMode":false,"pivot":{"x":-0.000003139621185255237,"y":0.000002715794835239649,"z":4.7211142373271289e-7},"rotation":{"x":0.14884917438030244,"y":-0.8368285298347473,"z":0.278533011674881,"w":0.44720548391342165},"size":5.100017547607422,"orthographic":false}