{"cameraMode":{"drawMode":0,"name":"Shaded","section":"Shading Mode"},"sceneLighting":false,"audioPlay":false,"sceneViewState":{"showFog":true,"showMaterialUpdate":false,"showSkybox":false,"showFlares":true,"showImageEffects":true,"showParticleSystems":true,"showVisualEffectGraphs":true,"m_FxEnabled":true},"in2DMode":false,"pivot":{"x":0.8010188937187195,"y":3.411442995071411,"z":-3.9574928283691408},"rotation":{"x":-0.013164899311959744,"y":0.9724015593528748,"z":-0.22594812512397767,"w":-0.05665672942996025},"size":0.12806516885757447,"orthographic":false}