{"cameraMode":{"drawMode":0,"name":"Shaded","section":"Shading Mode"},"sceneLighting":false,"audioPlay":false,"sceneViewState":{"showFog":true,"showMaterialUpdate":false,"showSkybox":false,"showFlares":true,"showImageEffects":true,"showParticleSystems":true,"showVisualEffectGraphs":true,"m_FxEnabled":true},"in2DMode":false,"pivot":{"x":0.010279655456542969,"y":-0.05272531509399414,"z":0.026727676391601564},"rotation":{"x":-0.2215910255908966,"y":0.6995130181312561,"z":-0.24454298615455628,"w":-0.6338593363761902},"size":6.148780345916748,"orthographic":false}