{"cameraMode":{"drawMode":0,"name":"Shaded","section":"Shading Mode"},"sceneLighting":false,"audioPlay":false,"sceneViewState":{"showFog":true,"showMaterialUpdate":false,"showSkybox":false,"showFlares":true,"showImageEffects":true,"showParticleSystems":true,"showVisualEffectGraphs":true,"m_FxEnabled":true},"in2DMode":false,"pivot":{"x":0.29379695653915408,"y":0.5511060357093811,"z":-0.6967055797576904},"rotation":{"x":-0.11066644638776779,"y":-0.8885481357574463,"z":0.29426729679107668,"w":-0.3341561555862427},"size":0.8109413385391235,"orthographic":false}