{"cameraMode":{"drawMode":0,"name":"Shaded","section":"Shading Mode"},"sceneLighting":false,"audioPlay":false,"sceneViewState":{"showFog":true,"showMaterialUpdate":false,"showSkybox":false,"showFlares":true,"showImageEffects":true,"showParticleSystems":true,"showVisualEffectGraphs":true,"m_FxEnabled":true},"in2DMode":false,"pivot":{"x":-0.0011327266693115235,"y":0.21331092715263368,"z":-0.2793968915939331},"rotation":{"x":-0.05427676439285278,"y":-0.01737719587981701,"z":0.0009463848546147347,"w":-0.9983868598937988},"size":1.33170485496521,"orthographic":false}