{"cameraMode":{"drawMode":0,"name":"Shaded","section":"Shading Mode"},"sceneLighting":false,"audioPlay":false,"sceneViewState":{"showFog":true,"showMaterialUpdate":false,"showSkybox":false,"showFlares":true,"showImageEffects":true,"showParticleSystems":true,"showVisualEffectGraphs":true,"m_FxEnabled":true},"in2DMode":false,"pivot":{"x":20.658191680908204,"y":15.154425621032715,"z":18.255897521972658},"rotation":{"x":-0.16527780890464784,"y":0.7546553015708923,"z":-0.20789015293121339,"w":-0.5999689102172852},"size":1.8545200824737549,"orthographic":false}