{"cameraMode":{"drawMode":0,"name":"Shaded","section":"Shading Mode"},"sceneLighting":false,"audioPlay":false,"sceneViewState":{"showFog":true,"showMaterialUpdate":false,"showSkybox":false,"showFlares":true,"showImageEffects":true,"showParticleSystems":true,"showVisualEffectGraphs":true,"m_FxEnabled":true},"in2DMode":false,"pivot":{"x":47.73047637939453,"y":49.870460510253909,"z":55.178340911865237},"rotation":{"x":-0.22708375751972199,"y":-0.07674913853406906,"z":0.017954712733626367,"w":-0.9706807732582092},"size":3.9410929679870607,"orthographic":false}