{"cameraMode":{"drawMode":0,"name":"Shaded","section":"Shading Mode"},"sceneLighting":true,"audioPlay":false,"sceneViewState":{"showFog":true,"showMaterialUpdate":false,"showSkybox":false,"showFlares":true,"showImageEffects":true,"showParticleSystems":true,"showVisualEffectGraphs":true,"m_FxEnabled":true},"in2DMode":false,"pivot":{"x":23.902950286865236,"y":0.5765175819396973,"z":-2.6281394958496095},"rotation":{"x":-0.024049652740359308,"y":0.9594142436981201,"z":-0.26739591360092165,"w":-0.08629008382558823},"size":6.363501071929932,"orthographic":false}